Acc Eff (stat, up)
-2.87, -2.4, 0.0232255
-2.4, -1.93, 0.0142935
-1.93, -1.6, 0.015404
-1.6, -1.2, 0.0140689
-1.2, -0.8, 0.0138687
-0.8, -0.4, 0.0143574
-0.4, 0, 0.0144773
0, 0.4, 0.0143973
0.4, 0.8, 0.0154642
0.8, 1.2, 0.0148858
1.2, 1.6, 0.0188127
1.6, 1.93, 0.0347382
