Acc Eff (stat, down)
15, 20, 0.025218
20, 30, 0.0122078
30, 40, 0.00450509
40, 50, 0.00490598
50, 60, 0.00518915
60, 76, 0.00338551
76, 86, 0.00219387
86, 96, 0.000713089
96, 106, 0.00290408
106, 120, 0.00562728
120, 150, 0.00665832
150, 200, 0.00986968
200, 600, 0.0141196
