Acc Eff (stat, down)
15, 60, 0.0038968
60, 120, 0.000646979
120, 600, 0.00513618
