Acc Eff (stat, up)
0, 0.01, 0.00340795
0.01, 0.03, 0.0025051
0.03, 0.05, 0.00275416
0.05, 0.07, 0.00315038
0.07, 0.1, 0.00287825
0.1, 0.15, 0.00269435
0.15, 0.2, 0.00329658
0.2, 0.3, 0.00298552
0.3, 0.5, 0.00307763
0.5, 3, 0.00298178
