Acc Eff (stat, up)
0, 0.008, 0.0028608
0.008, 0.016, 0.00279079
0.016, 0.024, 0.00287426
0.024, 0.034, 0.00267819
0.034, 0.045, 0.00264711
0.045, 0.057, 0.00274043
0.057, 0.072, 0.00237439
0.072, 0.091, 0.00253378
0.091, 0.114, 0.00239029
0.114, 0.145, 0.00246723
0.145, 0.189, 0.00238038
0.189, 0.258, 0.00230988
0.258, 0.391, 0.00215667
0.391, 0.695, 0.00210932
0.695, 1.153, 0.00166557
1.153, 1.947, 0
1.947, 3.277, 0.00909554
