Acc Eff (stat, up)
-2.87, -2.4, 0.0212661
-2.4, -1.93, 0.0123562
-1.93, -1.6, 0.013096
-1.6, -1.2, 0.0116523
-1.2, -0.8, 0.011794
-0.8, -0.4, 0.0119263
-0.4, 0, 0.0118408
0, 0.4, 0.0119961
0.4, 0.8, 0.0120226
0.8, 1.2, 0.0125088
1.2, 1.6, 0.0175242
1.6, 1.93, 0.0323738
