Acc Eff (stat, down)
0, 0.008, 0.00166046
0.008, 0.016, 0.00167194
0.016, 0.024, 0.00177599
0.024, 0.034, 0.0015818
0.034, 0.045, 0.00156986
0.045, 0.057, 0.00169426
0.057, 0.072, 0.00171176
0.072, 0.091, 0.00176574
0.091, 0.114, 0.00174059
0.114, 0.145, 0.00172029
0.145, 0.189, 0.00173595
0.189, 0.258, 0.0017063
0.258, 0.391, 0.00170984
0.391, 0.695, 0.00198545
0.695, 1.153, 0.00390309
1.153, 1.947, 0.00471877
1.947, 3.277, 0.0112943
