Acc Eff (stat, down)
-2.87, -2.4, 0.0108532
-2.4, -1.93, 0.00645547
-1.93, -1.6, 0.00773758
-1.6, -1.2, 0.00687687
-1.2, -0.8, 0.00714522
-0.8, -0.4, 0.00808891
-0.4, 0, 0.00738306
0, 0.4, 0.00712174
0.4, 0.8, 0.00701821
0.8, 1.2, 0.00669564
1.2, 1.6, 0.00966569
1.6, 1.93, 0.0157276
