Acc Eff (stat, up)
15, 20, 0.0142014
20, 30, 0.0079818
30, 40, 0.00326034
40, 50, 0.00374507
50, 60, 0.00408121
60, 76, 0.00253148
76, 86, 0.00153414
86, 96, 0.000500151
96, 106, 0.00197121
106, 120, 0.00385777
120, 150, 0.00463802
150, 200, 0.00659845
200, 600, 0.0101654
