Acc Eff (stat, up)
15, 60, 0.00234646
60, 120, 0.000454485
120, 600, 0.00357037
